EMPLOYEEID,LASTNAME,FIRSTNAME,EMAIL,DATEOFBIRTH,PHONENO,ADDRESS,GENDER,HOTELID
4,Romagnosi,Cindy,cromagnosi3@webster.com,02/10/2022,473-415-0796,70948 Rutledge Center,Female,111
29,Kalinowsky,Tammy,tkalinowskys@t.com,06/08/2022,139-365-1649,6 Jenna Circle,Non-binary,111
16,Impey,Gladys,gimpeyf@vk.com,04/09/2022,648-103-2212,8036 American Drive,Female,111
19,Taffie,Erica,ltaffiei@topsy.com,09/06/2003,793-463-3110,8237 Shelley Avenue,Female,111
25,Pumfey,Geralda,gpumfreyo@org.au,10/09/2000,234-287-9894,76 Walton Park,Female,111
27,Pauli,Minni,mpattlelq@scribd.com,12/10/2022,809-517-8265,70 Karstens Point,Female,111
34,Agar,Dru,dagarx@sy.com,04/08/2022,225-394-7095,243 Division Point,Male,111
50,Labet,Eldon,elabet1d@com,07/06/2022,807-957-3551,04254 Doe Crossing Avenue,Male,111
59,Scogin,Harry,hscogin1m@ian.gov.cn,12/07/2022,380-785-5591,15 Agar Ctreet,male,111
64,Melvin,Eduard,emelvin1r@paypal.com,05/12/2022,157-719-1537,64982 Superior Hill,Male,111
74,MacKniely,Isiahi,im21@zdnet.com,02/03/2022,449-299-0876,1 Bluestem Center,Male,111
79,Limb,Timothee,tlimb@privacy.gov.au,04/03/2000,151-717-0286,072 Rutledge Parkway,Male,111
100,Sku,Barney,bteeney2r@npr.org,02/03/2000,818-728-8090,06 Bartelt Road,Male,111
5,O'Kinedy,Juliana,jokinedy4@imdb.com,05/10/2022,818-711-2436,69467 Gulseth Place,Female,111
6,Mould,Latashia,lmould5@dell.com,07/11/2022,728-644-9614,77 Sherman Way,Female,111
8,Cossom,Lea,lcossom7@nifty.com,01/05/2022,840-516-7867,0 West Park,Female,111
9,Zywicki,Patrica,pzywicki8@nature.com,11/08/2022,812-654-4717,88637 Veith Hill,Female,111
12,Trevor,Bettine,btrevorb@bloomberg.com,03/05/2022,949-534-4392,7 Esker Court,Female,111
14,Blockley,Chase,cblockleyd@pen.io,06/09/2022,486-931-7585,201 Becker Terrace,Male,111
21,Jefferd,Fred,fjefferdk@youtu.be,06/09/2022,893-408-8355,3264 Northwestern Alley,Non-binary,111
26,Yurinov,Addison,ayurinovp@discuz.net,11/12/2022,892-621-0642,899 Columbus Drive,Male,111
35,Lamke,Merla,mlamkey@earthlink.net,10/08/2022,188-683-6772,3807 Delladonna Road,Female,111
42,Mahaddy,Merla,mmahaddy15@technorati.com,05/12/2022,737-643-9127,9008 Sycamore Point,Female,111
43,Osmon,Nelly,nosmon16@apple.com,11/05/2022,771-533-5198,104 Morrow Pass,Female,111
44,Almeida,Ruthann,ralmeida17@reference.com,09/08/2022,749-845-1144,334 Swallow Way,Female,111
46,Fleetham,Donavon,dfleetham19@1und1.de,11/01/2022,876-670-7705,8501 Logan Trail,Bigender,111
48,Cawsey,Harlan,hcawsey1b@paypal.com,01/02/2022,119-955-5696,79517 Novick Parkway,Male,111
51,McGuinley,Star,smcguinley1e@shinystat.com,09/07/2022,262-233-9543,30 Mallard Park,Female,111
52,Clohessy,Donetta,dclohessy1f@google.nl,02/04/2022,746-581-5006,87 John Wall Terrace,Female,111
54,Frost,Karel,kfrost1h@aboutads.info,01/06/2022,238-451-9361,4072 Glacier Hill Drive,Female,111
57,MacLaughlin,Yasmeen,ymaclaughlin1k@google.it,11/12/2022,748-677-8944,82 Ryan Pass,Female,111
58,Johann,Webb,wjohann1l@t.co,03/11/2022,637-939-9574,6733 Vidon Crossing,Male,111
60,Morot,Linda,lmorot1n@ow.ly,07/02/2022,336-562-5008,0813 Pankratz Circle,Female,111
61,Linnane,Claudine,clinnane1o@nps.gov,02/01/2022,645-214-8175,89964 North Avenue,Bigender,111
62,Hains,Berk,bhains1p@barnesandnoble.com,05/06/2022,313-486-9546,1763 Bartelt Point,Male,111
63,Wisby,Germaine,gwisby1q@liveinternet.ru,01/12/2022,353-918-8543,387 Warner Point,Female,111
65,Ashall,Neron,nashall1s@creativecommons.org,09/12/2022,932-764-1400,8191 Sullivan Park,Male,111
67,Brodest,Zackariah,zbrodest1u@moonfruit.com,10/03/2022,691-943-4083,94544 Amoth Street,Non-binary,111
68,Menichi,Brittany,bmenichi1v@lycos.com,02/04/2022,677-533-4280,602 Jackson Center,Female,111
70,Beasley,Cale,cbeasley1x@patch.com,10/06/2022,729-317-9238,16 Artisan Hill,Male,111
71,Oats,Terri,toats1y@bizjournals.com,12/01/2022,672-996-4995,536 Clyde Gallagher Center,Female,111
72,Lies,Redd,rlies1z@epa.gov,10/09/2022,300-348-0974,172 Westridge Road,Male,111
75,Vink,Quinton,qvink22@e-recht24.de,06/06/2022,176-546-9602,9580 Monument Hill,Male,111
76,Huonic,Niko,nhuonic23@google.de,06/07/2022,737-835-9876,251 Susan Lane,Male,111
78,Yanez,Constantin,cyanez25@indiegogo.com,03/04/2022,767-950-6841,0413 Amoth Trail,Agender,111
81,Kinkead,Archibaldo,akinkead28@stumbleupon.com,07/11/2022,835-509-1184,304 Carey Drive,Male,111
88,Mandry,Seth,smandry2f@webeden.co.uk,08/04/2022,686-763-0509,9124 Donald Center,Male,111
89,Gaggen,Lowe,lgaggen2g@noaa.gov,11/02/2022,585-993-6454,337 2nd Junction,Male,111
90,Stefanovic,Aili,astefanovic2h@163.com,08/04/2022,116-326-4224,37 Express Alley,Agender,111
92,Nielson,Shandra,snielson2j@bravesites.com,08/03/2022,203-799-4382,40138 Carey Trail,Female,111
93,Sickert,Kort,ksickert2k@eepurl.com,08/12/2022,752-111-4358,4560 North Center,Male,111
94,Hughland,Lanny,lhughland2l@tamu.edu,09/07/2022,198-820-6402,514 Rowland Center,Male,111
97,Sparks,Marcellus,msparks2o@about.me,09/01/2022,505-997-5052,775 Lawn Center,Male,111
33,Galego,Dyan,dgalegow@jigsy.com,05/06/2022,780-398-9813,75448 Eagle Crest Parkway,Male,111
39,Wabey,Misty,mwabey12@ucsd.edu,02/06/2022,339-680-7803,6 Jenna Circle,Female,111
53,¿roy,Wallie,wcroy1g@clective.com,07/02/2009,421-540-3708,486 Russell Circle,Female,111
69,MacElane,Desirae,de1w@mysql.com,04/10/1988,550-478-0134,398 Namekagon Road,Female,111
77,Lamonby,Bessie,blam4@illinois.edu,03/06/2022,828-344-5617,6 Eagan Pass,Female,111
82,Wong,Loralyn,lwaag29@ucla.edu,09/05/2022,113-871-7107,18852 Eagan Terrace,Female,111
86,Twelvetree,Gawen,gte2d@wsj.com,01/02/2000,274-136-8041,02576 Londonderry Pass,Male,111
99,Arther,Stuart,ast2q@arter.com,05/07/2000,991-210-0568,4342 Longview Center,Male,111
1,Feake,Kyla,kfeake0@biblegateway.com,03/14/2022,153-158-9652,154 Village Green Park,Female,111
20,Kerrey,Erica,ekerreyj@sinsider.com,10/01/1990,230-657-2565,0 Artisan Road,Female,111
24,Halsey,Lotus,hlouchen@blogs.com,12/07/2022,672-437-4719,70948 Rutledge Center,Male,111
28,Myra,Code,mcoder@alexa.com,04/10/1988,598-265-3843,798 Lu plaza,Female,111
32,Harbidge,Mac,mharbidgev@s.com,08/03/2022,149-537-1041,918 Bonner Junction,Male,111
37,DeSousa,Rouvin,rdesousa10@gido.com,07/06/1982,468-928-3744,1 Tony Plaza,Male,111
47,Cowins,Cilli,gcowins1a@wes.com,02/07/2022,196-126-7192,12 Schmedeman Crossing,Female,111
55,Shoreman,Rania,jbernc@fener.com,07/09/1980,778-959-6059,918 Bonner Junction,Female,111
56,Paule,Curt,paulecurt@myspace.com,05/12/2022,349-543-2961,9 Walton Circle,Male,111
73,Abbett,Beyly,bab@thetimes.co.uk,08/01/2022,481-896-4446,83 Kedzie Point,Female,111
80,Dunk,Alvina,a7@chicagotribune.com,06/09/2022,582-169-2205,60594 South Pass,Female,111
84,Kerrey,Peader,ekerreyj@sinsider.com,03/10/1996,353-128-8913,3043 Rusk Street,Female,111
96,MacElane,Sherri,smckim2n@oracle.com,09/07/2022,287-228-3498,42620 Delaware Center,Female,111
2,Pithie,Daloris,dpithie1@myspace.com,11/28/2022,770-731-3661,600 Barnett Way,Male,111
3,Gadaud,Cyrille,cgadaud2@google.pl,08/29/2022,617-852-2097,4753 Gale Trail,Male,111
7,Beneteau,Jennica,jbeneteau6@digg.com,06/24/2022,705-308-9357,79 Homewood Plaza,Female,111
10,Challen,Filberte,fchallen9@erican.com,06/10/2022,133-382-0709,98 Redwing Crossing,Male,111
15,Lissandre,Domini,dlissandree@hp.com,03/07/2022,368-438-7818,2930 Miller Center,Female,111
22,Feifer,Evin,efeiferl@usatoday.com,11/03/2022,666-883-3742,2 Transport Center,Male,111
38,Bowering,Jodi,jbowering11@slare.net,02/05/1980,233-392-8513,3 Grim Junction,Male,111
41,Wyldbore,Warner,ww4@redcross.org,06/08/1975,940-955-8843,79 Homewood Plaza,Male,111
87,Murrock,Roddie,rm2e@uiuc.edu,07/02/2022,585-311-9769,5713 Crescent Oaks Avenue,Male,111
11,Hector,Chrisy,chectora@foxnews.com,02/01/2022,389-779-4638,057 Kim Center,Male,111
13,Berston,Jeff,jbernc@fener.com,07/01/2022,693-411-3658,057 Kim Center,Male,111
17,Elder,Wilt,welderg@weather.com,01/04/2022,321-716-3985,56 Luster Trail,Male,111
18,Nikita,Boutell,nboutellh@shop-pro.jp,05/11/2020,598-265-3843,05 Transport Hill,Male,111
23,Pauli,Gussy,gpaulim@smh.com.au,10/09/2000,107-760-3715,4 Continental Center,nonbinary,111
30,Kalinovsky,Tammy,tkalinowskys@t.com,06/08/2022,139-365-1649,6 Jenna Circle,Male,111
31,Brewse,Tuckie,tbrewset@det.com,09/09/2002,778-959-6059,76601 Summerview Circle,Male,111
36,MacStice,Jeff,jmacknockerz@redorg,01/01/2000,253-432-8053,6780 Riverside Plaza,Male,111
40,Camelli,Mario,mcamelli13@goo.gl,09/04/2000,133-382-0709,12 Schmedeman Crossing,Female,111
45,Faltin,Georganna,gfaltin18@ox.ac.uk,08/02/2000,778-959-6059,0 Bunting Circle,Female,111
49,McSparran,Geoffy,hlouchen@blogs.com,02/10/2021,672-437-4719,6 Almaty,Male,111
66,Neron,Ashall,nashall@email.com,05/15/2022,932-764-1400,8191 Sullivan Park,Male,111
83,Mussettini,Cello,c2a@google.com.au,04/07/2005,354-424-9058,3043 Rusk Street,Male,111
85,Loudian,Pier,pier1@myspace.com,08/01/2022,378-819-1481,563 Bellgrove Trail,Male,111
91,Romanova,Nataly,nfini2i@canalblog.com,05/04/1999,435-103-7699,85414 Maple Wood Trail,Female,111
95,Kimmek,Odilia,olivia@gmail.com,09/05/2005,415-161-2351,367 Cascade Court,Female,111
98,Vigers,Grace,gvigers2p@stanford.edu,02/01/2022,598-265-3843,149 Fulton Pass,Female,111
